<?xml version="1.0" encoding="UTF-8"?>
<project-private xmlns="http://www.netbeans.org/ns/project-private/1">
    <editor-bookmarks xmlns="http://www.netbeans.org/ns/editor-bookmarks/2" lastBookmarkId="0"/>
    <open-files xmlns="http://www.netbeans.org/ns/projectui-open-files/2">
        <group>
            <file>file:/C:/Users/Gustavo/Desktop/TrabalhoBancoDados/Cliente/ExcluirController.php</file>
            <file>file:/C:/Users/Gustavo/Desktop/TrabalhoBancoDados/Cliente/EditarController.php</file>
            <file>file:/C:/Users/Gustavo/Desktop/TrabalhoBancoDados/Cliente/VisualizarEnd.php</file>
            <file>file:/C:/Users/Gustavo/Desktop/TrabalhoBancoDados/Cliente/Editar.php</file>
            <file>file:/C:/Users/Gustavo/Desktop/TrabalhoBancoDados/Cliente/AdicionarController.php</file>
            <file>file:/C:/Users/Gustavo/Desktop/TrabalhoBancoDados/index.php</file>
        </group>
    </open-files>
</project-private>
